{
  "lang":"en",
  "name":"pipeline",
  "version":"0.0.0",
  "spacy_version":">=3.8.14,<3.9.0",
  "description":"",
  "author":"",
  "email":"",
  "url":"",
  "license":"",
  "spacy_git_version":"0069cf9",
  "vectors":{
    "width":0,
    "vectors":0,
    "keys":0,
    "name":null,
    "mode":"default"
  },
  "labels":{
    "tok2vec":[

    ],
    "ner":[
      "INGREDIENT",
      "QUANTITY",
      "RECIPE_NAME",
      "STEP",
      "UNIT"
    ]
  },
  "pipeline":[
    "tok2vec",
    "ner"
  ],
  "components":[
    "tok2vec",
    "ner"
  ],
  "disabled":[

  ],
  "performance":{
    "ents_f":0.9039735099,
    "ents_p":0.91,
    "ents_r":0.8980263158,
    "ents_per_type":{
      "STEP":{
        "p":0.7777777778,
        "r":0.8076923077,
        "f":0.7924528302
      },
      "QUANTITY":{
        "p":0.9489795918,
        "r":0.9587628866,
        "f":0.9538461538
      },
      "UNIT":{
        "p":0.9673913043,
        "r":0.9468085106,
        "f":0.9569892473
      },
      "INGREDIENT":{
        "p":0.8775510204,
        "r":0.86,
        "f":0.8686868687
      },
      "RECIPE_NAME":{
        "p":0.8571428571,
        "r":0.5454545455,
        "f":0.6666666667
      }
    },
    "tok2vec_loss":493.1388797639,
    "ner_loss":66.0596847534
  }
}