{
  "lang":"en",
  "name":"pipeline",
  "version":"0.0.0",
  "spacy_version":">=3.8.14,<3.9.0",
  "description":"",
  "author":"",
  "email":"",
  "url":"",
  "license":"",
  "spacy_git_version":"0069cf9",
  "vectors":{
    "width":0,
    "vectors":0,
    "keys":0,
    "name":null,
    "mode":"default"
  },
  "labels":{
    "tok2vec":[

    ],
    "ner":[
      "INGREDIENT",
      "QUANTITY",
      "RECIPE_NAME",
      "STEP",
      "UNIT"
    ]
  },
  "pipeline":[
    "tok2vec",
    "ner"
  ],
  "components":[
    "tok2vec",
    "ner"
  ],
  "disabled":[

  ],
  "performance":{
    "ents_f":0.9225700165,
    "ents_p":0.9240924092,
    "ents_r":0.9210526316,
    "ents_per_type":{
      "STEP":{
        "p":0.8269230769,
        "r":0.8269230769,
        "f":0.8269230769
      },
      "QUANTITY":{
        "p":0.9795918367,
        "r":0.9896907216,
        "f":0.9846153846
      },
      "UNIT":{
        "p":0.9787234043,
        "r":0.9787234043,
        "f":0.9787234043
      },
      "INGREDIENT":{
        "p":0.875,
        "r":0.84,
        "f":0.8571428571
      },
      "RECIPE_NAME":{
        "p":0.6363636364,
        "r":0.6363636364,
        "f":0.6363636364
      }
    },
    "tok2vec_loss":90.425545173,
    "ner_loss":73.4019165039
  }
}